{
  "IcoMoonType": "selection",
  "icons": [
    {
      "icon": {
        "paths": [
          "M925.2 437.2l22.8 6 64.8-234-270.4-72.8h-460.8l-270.4 72.8 64.8 234 112.8-30v474.4h646.4v-474.4l89.2 24h0.8z"
        ],
        "attrs": [
          {
            "fill": "rgb(255, 255, 255)"
          }
        ],
        "isMulticolor": false,
        "isMulticolor2": false,
        "grid": 0,
        "tags": [
          "soccerIcon1"
        ],
        "colorPermutations": {
          "12552552551": [
            {
              "f": 1
            }
          ]
        }
      },
      "attrs": [
        {
          "fill": "rgb(255, 255, 255)"
        }
      ],
      "properties": {
        "order": 6,
        "id": 2,
        "name": "soccerIcon1",
        "prevSize": 32,
        "code": 59648
      },
      "setIdx": 0,
      "setId": 2,
      "iconIdx": 0
    },
    {
      "icon": {
        "paths": [
          "M835.2 414.8l112.8 28.4 64.8-234-270.4-72.8h-460.8l-270.4 72.8 64.8 234 112.8-28.4v472.8h646.4v-472.8zM822.8 374.8q-12 3.6-20 16-8 8.4-8 24v432h-565.6v-432q0-15.6-8-24-8-12.4-16-16-12.4-4-24 0l-77.2 20-44.4-157.6 226-60.4h452.8l226 60.4-44.4 157.6-72.8-20q-16-4-24.4 0z"
        ],
        "attrs": [
          {
            "fill": "rgb(255, 255, 255)"
          }
        ],
        "isMulticolor": false,
        "isMulticolor2": false,
        "grid": 0,
        "tags": [
          "soccerIcon2"
        ],
        "colorPermutations": {
          "12552552551": [
            {
              "f": 1
            }
          ]
        }
      },
      "attrs": [
        {
          "fill": "rgb(255, 255, 255)"
        }
      ],
      "properties": {
        "order": 7,
        "id": 1,
        "name": "soccerIcon2",
        "prevSize": 32,
        "code": 59649
      },
      "setIdx": 0,
      "setId": 2,
      "iconIdx": 1
    },
    {
      "icon": {
        "paths": [
          "M269.6 390.8q-7.6-52.8-80.8-56.4l-94.4 26 9.6 34.4 77.2-20q11.6-4 24 0 8 3.6 16 16 8 8.4 8 24v432h40.4v-456zM920 394.8l10-34.4-94.8-26q-60-2.4-80.8 56.4v456h40.4v-432q0-15.6 8-24 8-12.4 20-16 8.4-4 24.4 0l72.8 20z"
        ],
        "attrs": [
          {
            "fill": "rgb(255, 255, 255)"
          }
        ],
        "isMulticolor": false,
        "isMulticolor2": false,
        "grid": 0,
        "tags": [
          "soccerIcon3"
        ],
        "colorPermutations": {
          "12552552551": [
            {
              "f": 1
            }
          ]
        }
      },
      "attrs": [
        {
          "fill": "rgb(255, 255, 255)"
        }
      ],
      "properties": {
        "order": 8,
        "id": 0,
        "name": "soccerIcon3",
        "prevSize": 32,
        "code": 59650
      },
      "setIdx": 0,
      "setId": 2,
      "iconIdx": 2
    }
  ],
  "height": 1024,
  "metadata": {
    "name": "icomoon"
  },
  "preferences": {
    "showGlyphs": true,
    "showQuickUse": true,
    "showQuickUse2": true,
    "showSVGs": true,
    "fontPref": {
      "prefix": "icon-",
      "metadata": {
        "fontFamily": "icomoon"
      },
      "metrics": {
        "emSize": 1024,
        "baseline": 6.25,
        "whitespace": 50
      },
      "embed": false
    },
    "imagePref": {
      "prefix": "icon-",
      "png": true,
      "useClassSelector": true,
      "color": 0,
      "bgColor": 16777215,
      "classSelector": ".icon"
    },
    "historySize": 100,
    "showCodes": true,
    "gridSize": 16
  }
}